,V4,unicornsID,Rho,N,P,p.adj,V1,V2,V3,V5,V6,V7,GENE,MUTATION,PHENOTYPE,PAPER
1,ENSG00000053747,UNICORN_156829,0.077429657,131,0.281416431,0.97439557,chr18,23689452,23956222,chr18,23681937,23682003,Lama3,Null,Enamel hypoplasia,Ryan et al. (1999)
2,ENSG00000066468,UNICORN_50989,0.001147106,131,0.98726816,0.993633877,chr10,121478331,121598458,chr10,121469768,121469847,Fgfr2b,Null,Bud stage arrest,De Moerlooze et al. (2000)
3,ENSG00000066468,UNICORN_50992,0.04565423,125,0.535149187,0.97439557,chr10,121478331,121598458,chr10,121470349,121470383,Fgfr2b,Null,Bud stage arrest,De Moerlooze et al. (2000)
4,ENSG00000066468,UNICORN_50999,-0.066809973,127,0.360249167,0.97439557,chr10,121478331,121598458,chr10,121475204,121475231,Fgfr2b,Null,Bud stage arrest,De Moerlooze et al. (2000)
5,ENSG00000066468,UNICORN_50998,-0.00361135,127,0.960557865,0.993633877,chr10,121478331,121598458,chr10,121475067,121475149,Fgfr2b,Null,Bud stage arrest,De Moerlooze et al. (2000)
6,ENSG00000070193,UNICORN_300478,-0.025660026,129,0.7231998,0.993633877,chr5,44300246,44389706,chr5,44292899,44292955,Fgf10,Null,"Smaller tooth germ, cervical loops of the incisors are",Harada et al. [34]
7,ENSG00000070193,UNICORN_300479,0.116081071,129,0.109096324,0.935271284,chr5,44300246,44389706,chr5,44292963,44293129,Fgf10,Null,"Smaller tooth germ, cervical loops of the incisors are",Harada et al. [34]
8,ENSG00000073282,UNICORN_259866,-0.016059484,131,0.823218433,0.993633877,chr3,189631388,189897276,chr3,189625854,189625918,P63,Null,Initiation stage arrest,Yang et al. (1999)
9,ENSG00000073282,UNICORN_259865,0.049899112,131,0.487582654,0.97439557,chr3,189631388,189897276,chr3,189625813,189625838,P63,Null,Initiation stage arrest,Yang et al. (1999)
10,ENSG00000073282,UNICORN_259863,-0.010897507,131,0.879504098,0.993633877,chr3,189631388,189897276,chr3,189625731,189625778,P63,Null,Initiation stage arrest,Yang et al. (1999)
11,ENSG00000073282,UNICORN_259867,0.020647908,131,0.773930011,0.993633877,chr3,189631388,189897276,chr3,189625929,189625953,P63,Null,Initiation stage arrest,Yang et al. (1999)
12,ENSG00000106571,UNICORN_363729,0.004815133,127,0.947427149,0.993633877,chr7,41960948,42264100,chr7,42268393,42268528,Gli3,Heterozygous,Maxillary incisor development arrested as a rudimentery epithelium thickening,"Hardcastle et al. (1998), Mo et al. (1997)"
13,ENSG00000106571,UNICORN_363729,0.004815133,127,0.947427149,0.993633877,chr7,41960948,42264100,chr7,42268393,42268528,Gli3,Double mutant,Initiation stage arrest,Hardcastle et al. (1998)
14,ENSG00000106852,UNICORN_422669,0.154084262,127,0.034856847,0.576260396,chr9,122202576,122229626,chr9,122233415,122233457,Lhx6,Double mutant,initiation stage arrest,Grigoriou et al. (1998)
15,ENSG00000106852,UNICORN_422666,0.008029742,131,0.911058339,0.993633877,chr9,122202576,122229626,chr9,122233211,122233260,Lhx6,Double mutant,initiation stage arrest,Grigoriou et al. (1998)
16,ENSG00000107187,UNICORN_423585,0.051244284,123,0.489930779,0.97439557,chr9,136196249,136205128,chr9,136190489,136190537,Lhx7,Double mutant,initiation stage arrest,Grigoriou et al. (1998)
17,ENSG00000107831,UNICORN_45832,-0.032897565,123,0.657598006,0.993633877,chr10,101770108,101780371,chr10,101768373,101768475,Fgf8,Fgf8flox,Initiation stage arrest,Trumpp et al. (1999)
18,ENSG00000107831,UNICORN_45823,0.023473774,127,0.747870927,0.993633877,chr10,101770108,101780371,chr10,101763476,101763593,Fgf8,Fgf8flox,Initiation stage arrest,Trumpp et al. (1999)
19,ENSG00000107831,UNICORN_45831,0.03226492,123,0.663774237,0.993633877,chr10,101770108,101780371,chr10,101768311,101768362,Fgf8,Fgf8flox,Initiation stage arrest,Trumpp et al. (1999)
20,ENSG00000107831,UNICORN_45821,-0.057376262,125,0.435746182,0.97439557,chr10,101770108,101780371,chr10,101763357,101763378,Fgf8,Fgf8flox,Initiation stage arrest,Trumpp et al. (1999)
21,ENSG00000107831,UNICORN_45822,0.045141874,127,0.536463815,0.97439557,chr10,101770108,101780371,chr10,101763436,101763465,Fgf8,Fgf8flox,Initiation stage arrest,Trumpp et al. (1999)
22,ENSG00000107831,UNICORN_45829,-0.032081351,125,0.662987943,0.993633877,chr10,101770108,101780371,chr10,101767740,101767932,Fgf8,Fgf8flox,Initiation stage arrest,Trumpp et al. (1999)
23,ENSG00000107831,UNICORN_45818,0.064162701,125,0.383435805,0.97439557,chr10,101770108,101780371,chr10,101762395,101762573,Fgf8,Fgf8flox,Initiation stage arrest,Trumpp et al. (1999)
24,ENSG00000107831,UNICORN_45824,0.131814271,127,0.071066225,0.815569536,chr10,101770108,101780371,chr10,101763603,101763637,Fgf8,Fgf8flox,Initiation stage arrest,Trumpp et al. (1999)
25,ENSG00000107831,UNICORN_45827,0.026528809,125,0.718573355,0.993633877,chr10,101770108,101780371,chr10,101767622,101767657,Fgf8,Fgf8flox,Initiation stage arrest,Trumpp et al. (1999)
26,ENSG00000107831,UNICORN_45833,-0.058203384,123,0.432934781,0.97439557,chr10,101770108,101780371,chr10,101768493,101768543,Fgf8,Fgf8flox,Initiation stage arrest,Trumpp et al. (1999)
27,ENSG00000107831,UNICORN_45830,-0.08452202,125,0.250909437,0.97439557,chr10,101770108,101780371,chr10,101768152,101768300,Fgf8,Fgf8flox,Initiation stage arrest,Trumpp et al. (1999)
28,ENSG00000107831,UNICORN_45828,0.099945746,125,0.174572094,0.935271284,chr10,101770108,101780371,chr10,101767665,101767723,Fgf8,Fgf8flox,Initiation stage arrest,Trumpp et al. (1999)
29,ENSG00000120149,UNICORN_326083,-0.116312607,129,0.10839172,0.935271284,chr5,174724581,174730896,chr5,174740375,174740454,Msx2,Double mutant,Initiation stage arrest,Bei and Maas (1998)
30,ENSG00000120149,UNICORN_326083,-0.116312607,129,0.10839172,0.935271284,chr5,174724581,174730896,chr5,174740375,174740454,Msx2,Null,Root malformation,Satokata et al. 2000
31,ENSG00000120149,UNICORN_326085,-0.046947549,127,0.52029161,0.97439557,chr5,174724581,174730896,chr5,174740525,174740552,Msx2,Double mutant,Initiation stage arrest,Bei and Maas (1998)
32,ENSG00000120149,UNICORN_326085,-0.046947549,127,0.52029161,0.97439557,chr5,174724581,174730896,chr5,174740525,174740552,Msx2,Null,Root malformation,Satokata et al. 2000
33,ENSG00000120149,UNICORN_326084,-0.045820118,129,0.527089257,0.97439557,chr5,174724581,174730896,chr5,174740465,174740495,Msx2,Double mutant,Initiation stage arrest,Bei and Maas (1998)
34,ENSG00000120149,UNICORN_326084,-0.045820118,129,0.527089257,0.97439557,chr5,174724581,174730896,chr5,174740465,174740495,Msx2,Null,Root malformation,Satokata et al. 2000
35,ENSG00000120149,UNICORN_326082,0.009344825,117,0.902310389,0.993633877,chr5,174724581,174730896,chr5,174740269,174740354,Msx2,Double mutant,Initiation stage arrest,Bei and Maas (1998)
36,ENSG00000120149,UNICORN_326082,0.009344825,117,0.902310389,0.993633877,chr5,174724581,174730896,chr5,174740269,174740354,Msx2,Null,Root malformation,Satokata et al. 2000
37,ENSG00000120149,UNICORN_326078,0.007636686,129,0.916051072,0.993633877,chr5,174724581,174730896,chr5,174718574,174718603,Msx2,Double mutant,Initiation stage arrest,Bei and Maas (1998)
38,ENSG00000120149,UNICORN_326078,0.007636686,129,0.916051072,0.993633877,chr5,174724581,174730896,chr5,174718574,174718603,Msx2,Null,Root malformation,Satokata et al. 2000
39,ENSG00000122641,UNICORN_363667,-0.037595994,129,0.603804066,0.993633877,chr7,41667167,41705834,chr7,41660368,41660438,Activin βA,Null,"Bud stage arrest, lack incisors and mandibular molars",Matzuk et al. (1995)
40,ENSG00000122641,UNICORN_363666,-0.066380427,129,0.359535953,0.97439557,chr7,41667167,41705834,chr7,41657897,41657999,Activin βA,Null,"Bud stage arrest, lack incisors and mandibular molars",Matzuk et al. (1995)
41,ENSG00000122641,UNICORN_363668,0.014098498,129,0.84570477,0.993633877,chr7,41667167,41705834,chr7,41660475,41660672,Activin βA,Null,"Bud stage arrest, lack incisors and mandibular molars",Matzuk et al. (1995)
42,ENSG00000122641,UNICORN_363665,0.059587273,127,0.414509667,0.97439557,chr7,41667167,41705834,chr7,41657838,41657885,Activin βA,Null,"Bud stage arrest, lack incisors and mandibular molars",Matzuk et al. (1995)
43,ENSG00000122641,UNICORN_363664,-0.08373874,131,0.244055386,0.97439557,chr7,41667167,41705834,chr7,41657763,41657806,Activin βA,Null,"Bud stage arrest, lack incisors and mandibular molars",Matzuk et al. (1995)
44,ENSG00000122641,UNICORN_363663,-0.050624598,119,0.502408933,0.97439557,chr7,41667167,41705834,chr7,41657268,41657287,Activin βA,Null,"Bud stage arrest, lack incisors and mandibular molars",Matzuk et al. (1995)
45,ENSG00000127152,UNICORN_124140,0.02455412,113,0.751350728,0.993633877,chr14,99169286,99272197,chr14,99166723,99166747,Ctip2,Null,Late bell stage defect,Golonzhka et al. (2009)
46,ENSG00000128602,UNICORN_376963,0.014685935,129,0.839361623,0.993633877,chr7,129188632,129213545,chr7,129186258,129186292,Smoothened,K14 conditional KO,Enamel hypoplasia,Gritli-Linde et al. (2002)
47,ENSG00000128602,UNICORN_376962,0.108030625,119,0.152357749,0.935271284,chr7,129188632,129213545,chr7,129186215,129186241,Smoothened,K14 conditional KO,Enamel hypoplasia,Gritli-Linde et al. (2002)
48,ENSG00000132464,UNICORN_275128,-0.025259809,129,0.727343539,0.993633877,chr4,70628743,70646824,chr4,70619440,70619539,Enamelin,Null,Enamel hypoplasia/aplasia,Hu et al. (2008)
49,ENSG00000134363,UNICORN_301926,0.112989944,131,0.115989809,0.935271284,chr5,53480625,53487134,chr5,53473371,53473415,Follistatin,K14 transgenic,No enamel,Wang et al. [9]
50,ENSG00000134363,UNICORN_301926,0.112989944,131,0.115989809,0.935271284,chr5,53480625,53487134,chr5,53473371,53473415,Follistatin,Null,Ectopic enamel,Wang et al. [9]
51,ENSG00000134363,UNICORN_301932,0.017719406,111,0.820741406,0.993633877,chr5,53480625,53487134,chr5,53490745,53490771,Follistatin,K14 transgenic,No enamel,Wang et al. [9]
52,ENSG00000134363,UNICORN_301932,0.017719406,111,0.820741406,0.993633877,chr5,53480625,53487134,chr5,53490745,53490771,Follistatin,Null,Ectopic enamel,Wang et al. [9]
53,ENSG00000134363,UNICORN_301924,-0.073988339,131,0.303352873,0.97439557,chr5,53480625,53487134,chr5,53473243,53473303,Follistatin,K14 transgenic,No enamel,Wang et al. [9]
54,ENSG00000134363,UNICORN_301924,-0.073988339,131,0.303352873,0.97439557,chr5,53480625,53487134,chr5,53473243,53473303,Follistatin,Null,Ectopic enamel,Wang et al. [9]
55,ENSG00000134363,UNICORN_301919,0.006018916,127,0.934310697,0.993633877,chr5,53480625,53487134,chr5,53472924,53472953,Follistatin,K14 transgenic,No enamel,Wang et al. [9]
56,ENSG00000134363,UNICORN_301919,0.006018916,127,0.934310697,0.993633877,chr5,53480625,53487134,chr5,53472924,53472953,Follistatin,Null,Ectopic enamel,Wang et al. [9]
57,ENSG00000134363,UNICORN_301925,0.004588424,131,0.949105041,0.993633877,chr5,53480625,53487134,chr5,53473311,53473364,Follistatin,K14 transgenic,No enamel,Wang et al. [9]
58,ENSG00000134363,UNICORN_301925,0.004588424,131,0.949105041,0.993633877,chr5,53480625,53487134,chr5,53473311,53473364,Follistatin,Null,Ectopic enamel,Wang et al. [9]
59,ENSG00000134363,UNICORN_301918,0.052193324,131,0.467793345,0.97439557,chr5,53480625,53487134,chr5,53472782,53472891,Follistatin,K14 transgenic,No enamel,Wang et al. [9]
60,ENSG00000134363,UNICORN_301918,0.052193324,131,0.467793345,0.97439557,chr5,53480625,53487134,chr5,53472782,53472891,Follistatin,Null,Ectopic enamel,Wang et al. [9]
61,ENSG00000136158,UNICORN_103645,0.139946935,131,0.051554393,0.730859339,chr13,80335975,80341126,chr13,80332483,80332540,Sprouty2,Null,Supernumerary teeth,Klein et al. [12]
62,ENSG00000136158,UNICORN_103647,-0.039358306,129,0.586948677,0.993633877,chr13,80335975,80341126,chr13,80345153,80345284,Sprouty2,Null,Supernumerary teeth,Klein et al. [12]
63,ENSG00000136158,UNICORN_103649,0.105498288,125,0.151833863,0.935271284,chr13,80335975,80341126,chr13,80345867,80345908,Sprouty2,Null,Supernumerary teeth,Klein et al. [12]
64,ENSG00000136158,UNICORN_103648,0.073416937,125,0.318622649,0.97439557,chr13,80335975,80341126,chr13,80345802,80345828,Sprouty2,Null,Supernumerary teeth,Klein et al. [12]
65,ENSG00000136158,UNICORN_103646,0.030546745,129,0.67328998,0.993633877,chr13,80335975,80341126,chr13,80332584,80332637,Sprouty2,Null,Supernumerary teeth,Klein et al. [12]
66,ENSG00000141905,UNICORN_170703,-0.013241616,127,0.85610885,0.993633877,chr19,3314402,3469217,chr19,3313008,3313030,Nfi-c/CTF,Null,Lacking root,Steele-perkins et al. (2003)
67,ENSG00000141905,UNICORN_170699,0.015520183,121,0.835720936,0.993633877,chr19,3314402,3469217,chr19,3311445,3311467,Nfi-c/CTF,Null,Lacking root,Steele-perkins et al. (2003)
68,ENSG00000143867,UNICORN_175219,0.078129175,129,0.280847362,0.97439557,chr2,19351484,19358623,chr2,19368236,19368270,Osr2,Null,Supernumerary teeth,Zhang et al. [24••]
69,ENSG00000143867,UNICORN_175221,-0.095752298,129,0.186278098,0.935271284,chr2,19351484,19358623,chr2,19368369,19368400,Osr2,Null,Supernumerary teeth,Zhang et al. [24••]
70,ENSG00000152661,UNICORN_350595,0.021625198,123,0.770777324,0.993633877,chr6,121435594,121449727,chr6,121456016,121456040,Connexin 43,Dominant negative,Enamel hypoplasia,Dobrowolski et al. (2008)
71,ENSG00000152661,UNICORN_350600,0.069550166,129,0.337054402,0.97439557,chr6,121435594,121449727,chr6,121457334,121457360,Connexin 43,Dominant negative,Enamel hypoplasia,Dobrowolski et al. (2008)
72,ENSG00000152661,UNICORN_350598,-0.075702229,125,0.303791987,0.97439557,chr6,121435594,121449727,chr6,121456163,121456191,Connexin 43,Dominant negative,Enamel hypoplasia,Dobrowolski et al. (2008)
73,ENSG00000163132,UNICORN_261031,-0.084003549,129,0.2462517,0.97439557,chr4,4859664,4863936,chr4,4855594,4855852,Msxl,Double mutant,Initiation stage arrest,Bei and Maas (1998)
74,ENSG00000163132,UNICORN_261031,-0.084003549,129,0.2462517,0.97439557,chr4,4859664,4863936,chr4,4855594,4855852,Msx1,Null,Bud stage arrest,Satokata and Maas (1994)
75,ENSG00000163132,UNICORN_261029,-0.001174875,129,0.987061426,0.993633877,chr4,4859664,4863936,chr4,4854894,4855016,Msxl,Double mutant,Initiation stage arrest,Bei and Maas (1998)
76,ENSG00000163132,UNICORN_261029,-0.001174875,129,0.987061426,0.993633877,chr4,4859664,4863936,chr4,4854894,4855016,Msx1,Null,Bud stage arrest,Satokata and Maas (1994)
77,ENSG00000163132,UNICORN_261030,0.101626672,129,0.160690227,0.935271284,chr4,4859664,4863936,chr4,4855056,4855086,Msxl,Double mutant,Initiation stage arrest,Bei and Maas (1998)
78,ENSG00000163132,UNICORN_261030,0.101626672,129,0.160690227,0.935271284,chr4,4859664,4863936,chr4,4855056,4855086,Msx1,Null,Bud stage arrest,Satokata and Maas (1994)
79,ENSG00000163132,UNICORN_261027,0.041295817,131,0.565645593,0.993266129,chr4,4859664,4863936,chr4,4854803,4854828,Msxl,Double mutant,Initiation stage arrest,Bei and Maas (1998)
80,ENSG00000163132,UNICORN_261027,0.041295817,131,0.565645593,0.993266129,chr4,4859664,4863936,chr4,4854803,4854828,Msx1,Null,Bud stage arrest,Satokata and Maas (1994)
81,ENSG00000163132,UNICORN_261028,-0.026383439,131,0.713599274,0.993633877,chr4,4859664,4863936,chr4,4854839,4854866,Msxl,Double mutant,Initiation stage arrest,Bei and Maas (1998)
82,ENSG00000163132,UNICORN_261028,-0.026383439,131,0.713599274,0.993633877,chr4,4859664,4863936,chr4,4854839,4854866,Msx1,Null,Bud stage arrest,Satokata and Maas (1994)
83,ENSG00000163132,UNICORN_261026,-0.052254636,125,0.477812926,0.97439557,chr4,4859664,4863936,chr4,4854753,4854784,Msxl,Double mutant,Initiation stage arrest,Bei and Maas (1998)
84,ENSG00000163132,UNICORN_261026,-0.052254636,125,0.477812926,0.97439557,chr4,4859664,4863936,chr4,4854753,4854784,Msx1,Null,Bud stage arrest,Satokata and Maas (1994)
85,ENSG00000164093,UNICORN_279724,0.012518795,127,0.86388459,0.993633877,chr4,110617422,110642123,chr4,110649758,110649795,Pitx2,Null,Initiation stage arrest,Liu et al. (2003)
86,ENSG00000164093,UNICORN_279716,-0.019260533,127,0.791970878,0.993633877,chr4,110617422,110642123,chr4,110646057,110646139,Pitx2,Null,Initiation stage arrest,Liu et al. (2003)
87,ENSG00000164093,UNICORN_279722,0.063845853,127,0.381954905,0.97439557,chr4,110617422,110642123,chr4,110649542,110649701,Pitx2,Null,Initiation stage arrest,Liu et al. (2003)
88,ENSG00000164093,UNICORN_279723,0.069479311,127,0.34137898,0.97439557,chr4,110617422,110642123,chr4,110649719,110649743,Pitx2,Null,Initiation stage arrest,Liu et al. (2003)
89,ENSG00000164093,UNICORN_279715,0.089457612,125,0.224294358,0.97439557,chr4,110617422,110642123,chr4,110645947,110646044,Pitx2,Null,Initiation stage arrest,Liu et al. (2003)
90,ENSG00000164093,UNICORN_279713,-0.045310688,131,0.528479964,0.97439557,chr4,110617422,110642123,chr4,110644831,110644851,Pitx2,Null,Initiation stage arrest,Liu et al. (2003)
91,ENSG00000164093,UNICORN_279718,0.18484746,123,0.012757544,0.439223998,chr4,110617422,110642123,chr4,110649086,110649110,Pitx2,Null,Initiation stage arrest,Liu et al. (2003)
92,ENSG00000168036,UNICORN_236313,0.075191988,129,0.299327907,0.97439557,chr3,41194740,41260096,chr3,41185197,41185479,Wnt/β catenin,K14 conditional KO,"Misshappen tooth bud, ectopic teeth",Liu et al. [18]
93,ENSG00000168621,UNICORN_299378,-0.098102047,129,0.175703356,0.935271284,chr5,37812676,37840041,chr5,37806180,37806268,Gdnf,Null,No enamel,deVicente et al. (2002)
94,ENSG00000168621,UNICORN_299377,-0.025847246,129,0.721264156,0.993633877,chr5,37812676,37840041,chr5,37806023,37806167,Gdnf,Null,No enamel,deVicente et al. (2002)
95,ENSG00000169884,UNICORN_76766,0.017714073,123,0.811366652,0.993633877,chr12,48965339,48971735,chr12,48961557,48961583,Wnt10b,NULL,"early bell and late bell stages; oligodontia and tooth agenesis, but also with microdontia, short tooth roots, dental pulp stones, and taurodontism","Yuhan Song, Fujie Song, Xuan Xiao, Zhifeng Song & Shangfeng Liu (2023) Expression Levels of WNT Signaling Pathway Genes During Early Tooth Development, Organogenesis, 19:1, DOI: 10.1080/15476278.2023.2212583"
96,ENSG00000169884,UNICORN_76768,-0.085765862,129,0.236481543,0.97439557,chr12,48965339,48971735,chr12,48961678,48961701,Wnt10b,NULL,"early bell and late bell stages; oligodontia and tooth agenesis, but also with microdontia, short tooth roots, dental pulp stones, and taurodontism","Yuhan Song, Fujie Song, Xuan Xiao, Zhifeng Song & Shangfeng Liu (2023) Expression Levels of WNT Signaling Pathway Genes During Early Tooth Development, Organogenesis, 19:1, DOI: 10.1080/15476278.2023.2212583"
97,ENSG00000172845,UNICORN_202924,0.076588032,115,0.318671206,0.97439557,chr2,173880849,173965373,chr2,173879466,173879490,Sp3,Null,Enamel hypoplasia,Bowman et al. (2000)
98,ENSG00000178522,UNICORN_275127,0.014338825,131,0.841894399,0.993633877,chr4,70592255,70607288,chr4,70613775,70613821,Ameloblastin,Null,No enamel,Fukumoto et al. (2005)
99,ENSG00000178522,UNICORN_275126,-0.060796619,131,0.397688516,0.97439557,chr4,70592255,70607288,chr4,70613717,70613745,Ameloblastin,Null,No enamel,Fukumoto et al. (2005)
100,ENSG00000183691,UNICORN_152285,0.009750401,131,0.892105711,0.993633877,chr17,56593698,56595611,chr17,56603967,56603989,Noggin,K14 TG,Bud stage arrest; failed to form multiple root,Plikus et al. (2005)
101,ENSG00000183691,UNICORN_152285,0.009750401,131,0.892105711,0.993633877,chr17,56593698,56595611,chr17,56603967,56603989,Noggin,K14 transgenic,Abnormal ameloblast,Plikus et al. (2005)
102,ENSG00000183691,UNICORN_152250,0.046407555,129,0.521806037,0.97439557,chr17,56593698,56595611,chr17,56584063,56584200,Noggin,K14 TG,Bud stage arrest; failed to form multiple root,Plikus et al. (2005)
103,ENSG00000183691,UNICORN_152250,0.046407555,129,0.521806037,0.97439557,chr17,56593698,56595611,chr17,56584063,56584200,Noggin,K14 transgenic,Abnormal ameloblast,Plikus et al. (2005)
104,ENSG00000183691,UNICORN_152249,0.049344742,129,0.495804448,0.97439557,chr17,56593698,56595611,chr17,56583954,56583976,Noggin,K14 TG,Bud stage arrest; failed to form multiple root,Plikus et al. (2005)
105,ENSG00000183691,UNICORN_152249,0.049344742,129,0.495804448,0.97439557,chr17,56593698,56595611,chr17,56583954,56583976,Noggin,K14 transgenic,Abnormal ameloblast,Plikus et al. (2005)
106,ENSG00000183691,UNICORN_152258,-0.072254801,129,0.31860255,0.97439557,chr17,56593698,56595611,chr17,56585341,56585406,Noggin,K14 TG,Bud stage arrest; failed to form multiple root,Plikus et al. (2005)
107,ENSG00000183691,UNICORN_152258,-0.072254801,129,0.31860255,0.97439557,chr17,56593698,56595611,chr17,56585341,56585406,Noggin,K14 transgenic,Abnormal ameloblast,Plikus et al. (2005)
108,ENSG00000183691,UNICORN_152275,0.047505077,125,0.518728397,0.97439557,chr17,56593698,56595611,chr17,56598419,56598500,Noggin,K14 TG,Bud stage arrest; failed to form multiple root,Plikus et al. (2005)
109,ENSG00000183691,UNICORN_152275,0.047505077,125,0.518728397,0.97439557,chr17,56593698,56595611,chr17,56598419,56598500,Noggin,K14 transgenic,Abnormal ameloblast,Plikus et al. (2005)
110,ENSG00000183691,UNICORN_152274,0.015111097,123,0.838671418,0.993633877,chr17,56593698,56595611,chr17,56598387,56598407,Noggin,K14 TG,Bud stage arrest; failed to form multiple root,Plikus et al. (2005)
111,ENSG00000183691,UNICORN_152274,0.015111097,123,0.838671418,0.993633877,chr17,56593698,56595611,chr17,56598387,56598407,Noggin,K14 transgenic,Abnormal ameloblast,Plikus et al. (2005)
112,ENSG00000183691,UNICORN_152248,-0.057568866,129,0.426832476,0.97439557,chr17,56593698,56595611,chr17,56583815,56583947,Noggin,K14 TG,Bud stage arrest; failed to form multiple root,Plikus et al. (2005)
113,ENSG00000183691,UNICORN_152248,-0.057568866,129,0.426832476,0.97439557,chr17,56593698,56595611,chr17,56583815,56583947,Noggin,K14 transgenic,Abnormal ameloblast,Plikus et al. (2005)
114,ENSG00000183691,UNICORN_152254,-0.013843508,127,0.849644619,0.993633877,chr17,56593698,56595611,chr17,56584743,56584774,Noggin,K14 TG,Bud stage arrest; failed to form multiple root,Plikus et al. (2005)
115,ENSG00000183691,UNICORN_152254,-0.013843508,127,0.849644619,0.993633877,chr17,56593698,56595611,chr17,56584743,56584774,Noggin,K14 transgenic,Abnormal ameloblast,Plikus et al. (2005)
116,ENSG00000183691,UNICORN_152283,-0.039575158,131,0.581949253,0.993633877,chr17,56593698,56595611,chr17,56603880,56603913,Noggin,K14 TG,Bud stage arrest; failed to form multiple root,Plikus et al. (2005)
117,ENSG00000183691,UNICORN_152283,-0.039575158,131,0.581949253,0.993633877,chr17,56593698,56595611,chr17,56603880,56603913,Noggin,K14 transgenic,Abnormal ameloblast,Plikus et al. (2005)
118,ENSG00000183691,UNICORN_152253,0.022269991,127,0.760393975,0.993633877,chr17,56593698,56595611,chr17,56584713,56584732,Noggin,K14 TG,Bud stage arrest; failed to form multiple root,Plikus et al. (2005)
119,ENSG00000183691,UNICORN_152253,0.022269991,127,0.760393975,0.993633877,chr17,56593698,56595611,chr17,56584713,56584732,Noggin,K14 transgenic,Abnormal ameloblast,Plikus et al. (2005)
120,ENSG00000183691,UNICORN_152247,0.088703049,129,0.220813042,0.97439557,chr17,56593698,56595611,chr17,56583643,56583804,Noggin,K14 TG,Bud stage arrest; failed to form multiple root,Plikus et al. (2005)
121,ENSG00000183691,UNICORN_152247,0.088703049,129,0.220813042,0.97439557,chr17,56593698,56595611,chr17,56583643,56583804,Noggin,K14 transgenic,Abnormal ameloblast,Plikus et al. (2005)
122,ENSG00000183691,UNICORN_152281,-0.001051411,89,0.990415643,0.993633877,chr17,56593698,56595611,chr17,56603627,56603651,Noggin,K14 TG,Bud stage arrest; failed to form multiple root,Plikus et al. (2005)
123,ENSG00000183691,UNICORN_152281,-0.001051411,89,0.990415643,0.993633877,chr17,56593698,56595611,chr17,56603627,56603651,Noggin,K14 transgenic,Abnormal ameloblast,Plikus et al. (2005)
124,ENSG00000183691,UNICORN_152264,-0.014806777,125,0.840593342,0.993633877,chr17,56593698,56595611,chr17,56588356,56588617,Noggin,K14 TG,Bud stage arrest; failed to form multiple root,Plikus et al. (2005)
125,ENSG00000183691,UNICORN_152264,-0.014806777,125,0.840593342,0.993633877,chr17,56593698,56595611,chr17,56588356,56588617,Noggin,K14 transgenic,Abnormal ameloblast,Plikus et al. (2005)
126,ENSG00000183691,UNICORN_152278,0.004699499,129,0.948279709,0.993633877,chr17,56593698,56595611,chr17,56602932,56602992,Noggin,K14 TG,Bud stage arrest; failed to form multiple root,Plikus et al. (2005)
127,ENSG00000183691,UNICORN_152278,0.004699499,129,0.948279709,0.993633877,chr17,56593698,56595611,chr17,56602932,56602992,Noggin,K14 transgenic,Abnormal ameloblast,Plikus et al. (2005)
128,ENSG00000183691,UNICORN_152279,0.041708056,129,0.564820205,0.993266129,chr17,56593698,56595611,chr17,56603001,56603036,Noggin,K14 TG,Bud stage arrest; failed to form multiple root,Plikus et al. (2005)
129,ENSG00000183691,UNICORN_152279,0.041708056,129,0.564820205,0.993266129,chr17,56593698,56595611,chr17,56603001,56603036,Noggin,K14 transgenic,Abnormal ameloblast,Plikus et al. (2005)
130,ENSG00000183691,UNICORN_152255,-0.016448247,129,0.820396278,0.993633877,chr17,56593698,56595611,chr17,56584793,56584843,Noggin,K14 TG,Bud stage arrest; failed to form multiple root,Plikus et al. (2005)
131,ENSG00000183691,UNICORN_152255,-0.016448247,129,0.820396278,0.993633877,chr17,56593698,56595611,chr17,56584793,56584843,Noggin,K14 transgenic,Abnormal ameloblast,Plikus et al. (2005)
132,ENSG00000183691,UNICORN_152260,-0.079449698,127,0.276604916,0.97439557,chr17,56593698,56595611,chr17,56587421,56587483,Noggin,K14 TG,Bud stage arrest; failed to form multiple root,Plikus et al. (2005)
133,ENSG00000183691,UNICORN_152260,-0.079449698,127,0.276604916,0.97439557,chr17,56593698,56595611,chr17,56587421,56587483,Noggin,K14 transgenic,Abnormal ameloblast,Plikus et al. (2005)
134,ENSG00000184058,UNICORN_229825,-0.030778703,117,0.686010525,0.993633877,chr22,19756702,19783593,chr22,19753829,19754053,Tbx1,Null,Enamel free teeth,Caton et al. (2009)
135,ENSG00000184058,UNICORN_229819,-0.017714073,123,0.811366652,0.993633877,chr22,19756702,19783593,chr22,19748132,19748158,Tbx1,Null,Enamel free teeth,Caton et al. (2009)
136,ENSG00000184058,UNICORN_229817,-0.057179707,127,0.433618708,0.97439557,chr22,19756702,19783593,chr22,19747671,19747895,Tbx1,Null,Enamel free teeth,Caton et al. (2009)
137,ENSG00000184058,UNICORN_229823,0.027676745,103,0.733335031,0.993633877,chr22,19756702,19783593,chr22,19750705,19750812,Tbx1,Null,Enamel free teeth,Caton et al. (2009)
138,ENSG00000184058,UNICORN_229822,0.046367839,87,0.600531311,0.993633877,chr22,19756702,19783593,chr22,19750663,19750688,Tbx1,Null,Enamel free teeth,Caton et al. (2009)
139,ENSG00000184058,UNICORN_229814,-0.01586081,129,0.82670698,0.993633877,chr22,19756702,19783593,chr22,19746672,19746703,Tbx1,Null,Enamel free teeth,Caton et al. (2009)
140,ENSG00000184058,UNICORN_229815,0.026434683,129,0.715202334,0.993633877,chr22,19756702,19783593,chr22,19746716,19746828,Tbx1,Null,Enamel free teeth,Caton et al. (2009)
141,ENSG00000184058,UNICORN_229818,-0.108340497,127,0.137913459,0.935271284,chr22,19756702,19783593,chr22,19748035,19748121,Tbx1,Null,Enamel free teeth,Caton et al. (2009)
142,NA,UNICORN_10000,0.096930459,131,0.177522264,0.935271284,NA,NA,NA,NA,NA,NA,NA,NA,NA,NA
143,NA,UNICORN_100000,0.010573873,129,0.883959852,0.993633877,NA,NA,NA,NA,NA,NA,NA,NA,NA,NA
144,NA,UNICORN_100001,0.076366863,129,0.291840545,0.97439557,NA,NA,NA,NA,NA,NA,NA,NA,NA,NA
145,NA,UNICORN_100003,0.044645243,129,0.537736974,0.97439557,NA,NA,NA,NA,NA,NA,NA,NA,NA,NA
146,NA,UNICORN_100004,0.192092033,129,0.008014741,0.389349141,NA,NA,NA,NA,NA,NA,NA,NA,NA,NA
147,NA,UNICORN_100007,-0.05334043,131,0.458068085,0.97439557,NA,NA,NA,NA,NA,NA,NA,NA,NA,NA
148,NA,UNICORN_100008,0.114710603,131,0.110540766,0.935271284,NA,NA,NA,NA,NA,NA,NA,NA,NA,NA
149,NA,UNICORN_100009,0.153321164,129,0.034319852,0.576260396,NA,NA,NA,NA,NA,NA,NA,NA,NA,NA
150,NA,UNICORN_100011,-0.030696474,127,0.674226099,0.993633877,NA,NA,NA,NA,NA,NA,NA,NA,NA,NA
151,NA,UNICORN_100012,0.020560309,129,0.776568139,0.993633877,NA,NA,NA,NA,NA,NA,NA,NA,NA,NA
152,NA,UNICORN_100013,0.089877924,129,0.214758781,0.97439557,NA,NA,NA,NA,NA,NA,NA,NA,NA,NA
153,NA,UNICORN_100014,-0.043959554,123,0.553669073,0.9905989,NA,NA,NA,NA,NA,NA,NA,NA,NA,NA
154,NA,UNICORN_100015,-0.138005834,125,0.060838837,0.785088303,NA,NA,NA,NA,NA,NA,NA,NA,NA,NA
155,NA,UNICORN_100282,0.104386648,131,0.146460401,0.935271284,NA,NA,NA,NA,NA,NA,NA,NA,NA,NA
156,NA,UNICORN_100284,0.047031347,131,0.512941365,0.97439557,NA,NA,NA,NA,NA,NA,NA,NA,NA,NA
157,NA,UNICORN_100297,-0.057928854,131,0.420322156,0.97439557,NA,NA,NA,NA,NA,NA,NA,NA,NA,NA
158,NA,UNICORN_100299,0.06653215,131,0.354682483,0.97439557,NA,NA,NA,NA,NA,NA,NA,NA,NA,NA
159,NA,UNICORN_100354,-0.130770087,131,0.068884786,0.815569536,NA,NA,NA,NA,NA,NA,NA,NA,NA,NA
160,NA,UNICORN_100485,0.059649513,131,0.406652452,0.97439557,NA,NA,NA,NA,NA,NA,NA,NA,NA,NA
161,NA,UNICORN_10051,-0.060223066,131,0.402155504,0.97439557,NA,NA,NA,NA,NA,NA,NA,NA,NA,NA
162,NA,UNICORN_100775,0.025809886,131,0.719559456,0.993633877,NA,NA,NA,NA,NA,NA,NA,NA,NA,NA
163,NA,UNICORN_100802,-0.061370172,131,0.39325157,0.97439557,NA,NA,NA,NA,NA,NA,NA,NA,NA,NA
164,NA,UNICORN_10087,-0.165183268,131,0.021567205,0.576260396,NA,NA,NA,NA,NA,NA,NA,NA,NA,NA
165,NA,UNICORN_100937,-0.010897507,131,0.879504098,0.993633877,NA,NA,NA,NA,NA,NA,NA,NA,NA,NA
166,NA,UNICORN_100951,-0.014338825,131,0.841894399,0.993633877,NA,NA,NA,NA,NA,NA,NA,NA,NA,NA
167,NA,UNICORN_100966,0.026956992,131,0.707656521,0.993633877,NA,NA,NA,NA,NA,NA,NA,NA,NA,NA
168,NA,UNICORN_101060,-0.014338825,131,0.841894399,0.993633877,NA,NA,NA,NA,NA,NA,NA,NA,NA,NA
169,NA,UNICORN_101097,0.060223066,131,0.402155504,0.97439557,NA,NA,NA,NA,NA,NA,NA,NA,NA,NA
170,NA,UNICORN_101129,-0.042442923,131,0.554899799,0.9905989,NA,NA,NA,NA,NA,NA,NA,NA,NA,NA
171,NA,UNICORN_101130,-0.07800321,131,0.277867742,0.97439557,NA,NA,NA,NA,NA,NA,NA,NA,NA,NA
172,NA,UNICORN_101131,-0.003441318,131,0.961817444,0.993633877,NA,NA,NA,NA,NA,NA,NA,NA,NA,NA
173,NA,UNICORN_101132,0.151417996,131,0.035168512,0.576260396,NA,NA,NA,NA,NA,NA,NA,NA,NA,NA
174,NA,UNICORN_101141,0.000573553,131,0.993633877,0.993633877,NA,NA,NA,NA,NA,NA,NA,NA,NA,NA
175,NA,UNICORN_101261,0.221391463,131,0.002071182,0.389349141,NA,NA,NA,NA,NA,NA,NA,NA,NA,NA
176,NA,UNICORN_101264,0.063664384,131,0.375805714,0.97439557,NA,NA,NA,NA,NA,NA,NA,NA,NA,NA
177,NA,UNICORN_101270,-0.087753611,131,0.222176164,0.97439557,NA,NA,NA,NA,NA,NA,NA,NA,NA,NA
178,NA,UNICORN_161616,-0.107501046,129,0.137851909,0.935271284,NA,NA,NA,NA,NA,NA,NA,NA,NA,NA
179,NA,UNICORN_162588,0.123949293,129,0.087104505,0.912703724,NA,NA,NA,NA,NA,NA,NA,NA,NA,NA
180,NA,UNICORN_163253,0.020877301,123,0.778494281,0.993633877,NA,NA,NA,NA,NA,NA,NA,NA,NA,NA
181,NA,UNICORN_169815,-0.161545287,129,0.025759981,0.576260396,NA,NA,NA,NA,NA,NA,NA,NA,NA,NA
182,NA,UNICORN_169870,-0.104264389,125,0.15668105,0.935271284,NA,NA,NA,NA,NA,NA,NA,NA,NA,NA
183,NA,UNICORN_111334,0.039945744,129,0.581379041,0.993633877,NA,NA,NA,NA,NA,NA,NA,NA,NA,NA
184,NA,UNICORN_111993,0.01821056,129,0.801535379,0.993633877,NA,NA,NA,NA,NA,NA,NA,NA,NA,NA
185,NA,UNICORN_112510,-0.056208195,131,0.43425809,0.97439557,NA,NA,NA,NA,NA,NA,NA,NA,NA,NA
186,NA,UNICORN_117491,-0.059331178,129,0.412815609,0.97439557,NA,NA,NA,NA,NA,NA,NA,NA,NA,NA
187,NA,UNICORN_118151,0.023515674,131,0.743567832,0.993633877,NA,NA,NA,NA,NA,NA,NA,NA,NA,NA
188,NA,UNICORN_122915,-0.114359413,127,0.117341916,0.935271284,NA,NA,NA,NA,NA,NA,NA,NA,NA,NA
189,NA,UNICORN_181412,0.111269285,131,0.121647762,0.935271284,NA,NA,NA,NA,NA,NA,NA,NA,NA,NA
190,NA,UNICORN_134508,-0.022368568,131,0.75566788,0.993633877,NA,NA,NA,NA,NA,NA,NA,NA,NA,NA
191,NA,UNICORN_137581,0.002467796,125,0.973257979,0.993633877,NA,NA,NA,NA,NA,NA,NA,NA,NA,NA
192,NA,UNICORN_138614,-0.022454243,125,0.760352894,0.993633877,NA,NA,NA,NA,NA,NA,NA,NA,NA,NA
193,NA,UNICORN_141409,0.1904196,131,0.008073663,0.389349141,NA,NA,NA,NA,NA,NA,NA,NA,NA,NA
194,NA,UNICORN_145755,-0.187392533,129,0.00969334,0.389349141,NA,NA,NA,NA,NA,NA,NA,NA,NA,NA
195,NA,UNICORN_147346,0.155083476,129,0.032304798,0.576260396,NA,NA,NA,NA,NA,NA,NA,NA,NA,NA
196,NA,UNICORN_214514,0.035511607,127,0.626759371,0.993633877,NA,NA,NA,NA,NA,NA,NA,NA,NA,NA
197,NA,UNICORN_218638,-0.188125388,131,0.008869119,0.389349141,NA,NA,NA,NA,NA,NA,NA,NA,NA,NA
198,NA,UNICORN_221689,0.052570588,121,0.482422332,0.97439557,NA,NA,NA,NA,NA,NA,NA,NA,NA,NA
199,NA,UNICORN_223532,0.134211405,131,0.061894928,0.785088303,NA,NA,NA,NA,NA,NA,NA,NA,NA,NA
200,NA,UNICORN_224842,-0.057996303,109,0.462455561,0.97439557,NA,NA,NA,NA,NA,NA,NA,NA,NA,NA
201,NA,UNICORN_228860,0.009986436,129,0.890364601,0.993633877,NA,NA,NA,NA,NA,NA,NA,NA,NA,NA
202,NA,UNICORN_298630,0.027609558,129,0.703132757,0.993633877,NA,NA,NA,NA,NA,NA,NA,NA,NA,NA
203,NA,UNICORN_158943,-0.036421119,129,0.615160398,0.993633877,NA,NA,NA,NA,NA,NA,NA,NA,NA,NA
204,NA,UNICORN_363820,-0.054044242,129,0.45568361,0.97439557,NA,NA,NA,NA,NA,NA,NA,NA,NA,NA
205,NA,UNICORN_366900,-0.073430781,127,0.314629573,0.97439557,NA,NA,NA,NA,NA,NA,NA,NA,NA,NA
206,NA,UNICORN_319569,-0.020074355,131,0.780045861,0.993633877,NA,NA,NA,NA,NA,NA,NA,NA,NA,NA
207,NA,UNICORN_5488,-0.04736305,123,0.523391201,0.97439557,NA,NA,NA,NA,NA,NA,NA,NA,NA,NA
208,NA,UNICORN_380156,-0.038770869,129,0.592542901,0.993633877,NA,NA,NA,NA,NA,NA,NA,NA,NA,NA
209,NA,UNICORN_382673,0.125795355,127,0.084955187,0.912703724,NA,NA,NA,NA,NA,NA,NA,NA,NA,NA
210,NA,UNICORN_231733,-0.011722032,125,0.873486452,0.993633877,NA,NA,NA,NA,NA,NA,NA,NA,NA,NA
211,NA,UNICORN_234833,0.031134183,129,0.667380836,0.993633877,NA,NA,NA,NA,NA,NA,NA,NA,NA,NA
212,NA,UNICORN_235969,0.031545416,131,0.660780376,0.993633877,NA,NA,NA,NA,NA,NA,NA,NA,NA,NA
213,NA,UNICORN_15346,0.203253343,129,0.005023735,0.389349141,NA,NA,NA,NA,NA,NA,NA,NA,NA,NA
214,NA,UNICORN_155040,-0.013386092,121,0.858050997,0.993633877,NA,NA,NA,NA,NA,NA,NA,NA,NA,NA
215,NA,UNICORN_253071,-0.034909716,127,0.632614018,0.993633877,NA,NA,NA,NA,NA,NA,NA,NA,NA,NA
216,NA,UNICORN_347254,0.001805675,127,0.980272904,0.993633877,NA,NA,NA,NA,NA,NA,NA,NA,NA,NA
217,NA,UNICORN_160573,0.033483932,129,0.643952931,0.993633877,NA,NA,NA,NA,NA,NA,NA,NA,NA,NA
218,NA,UNICORN_317645,-0.101518883,131,0.157875179,0.935271284,NA,NA,NA,NA,NA,NA,NA,NA,NA,NA
219,NA,UNICORN_410836,-0.005286937,129,0.941825504,0.993633877,NA,NA,NA,NA,NA,NA,NA,NA,NA,NA
220,NA,UNICORN_320562,0.140520488,131,0.050604923,0.730859339,NA,NA,NA,NA,NA,NA,NA,NA,NA,NA
221,NA,UNICORN_322413,-0.087180058,131,0.225212753,0.97439557,NA,NA,NA,NA,NA,NA,NA,NA,NA,NA
222,NA,UNICORN_323192,-0.056781748,131,0.429583373,0.97439557,NA,NA,NA,NA,NA,NA,NA,NA,NA,NA
223,NA,UNICORN_170193,0.064030678,129,0.376795513,0.97439557,NA,NA,NA,NA,NA,NA,NA,NA,NA,NA
224,NA,UNICORN_421515,0.071079926,129,0.32653509,0.97439557,NA,NA,NA,NA,NA,NA,NA,NA,NA,NA
225,NA,UNICORN_290859,0.004112062,129,0.95473731,0.993633877,NA,NA,NA,NA,NA,NA,NA,NA,NA,NA
226,NA,UNICORN_271093,0.078129175,129,0.280847362,0.97439557,NA,NA,NA,NA,NA,NA,NA,NA,NA,NA
227,NA,UNICORN_294647,-0.021735184,129,0.764168798,0.993633877,NA,NA,NA,NA,NA,NA,NA,NA,NA,NA
228,NA,UNICORN_180018,0.051619771,131,0.472698549,0.97439557,NA,NA,NA,NA,NA,NA,NA,NA,NA,NA
229,NA,UNICORN_46835,-0.022871883,127,0.754124369,0.993633877,NA,NA,NA,NA,NA,NA,NA,NA,NA,NA
230,NA,UNICORN_188784,0.008029742,131,0.911058339,0.993633877,NA,NA,NA,NA,NA,NA,NA,NA,NA,NA
231,NA,UNICORN_201646,-0.070208743,99,0.397012455,0.97439557,NA,NA,NA,NA,NA,NA,NA,NA,NA,NA
232,NA,UNICORN_410295,0.015423726,125,0.834046079,0.993633877,NA,NA,NA,NA,NA,NA,NA,NA,NA,NA
233,NA,UNICORN_204869,-0.101223277,123,0.172633521,0.935271284,NA,NA,NA,NA,NA,NA,NA,NA,NA,NA
234,NA,UNICORN_210730,0.108975073,131,0.12952469,0.935271284,NA,NA,NA,NA,NA,NA,NA,NA,NA,NA
235,NA,UNICORN_214199,0.035396495,107,0.656853418,0.993633877,NA,NA,NA,NA,NA,NA,NA,NA,NA,NA
236,NA,UNICORN_360680,-0.040271377,111,0.606566527,0.993633877,NA,NA,NA,NA,NA,NA,NA,NA,NA,NA
237,NA,UNICORN_38496,-0.081726196,93,0.339605494,0.97439557,NA,NA,NA,NA,NA,NA,NA,NA,NA,NA
238,NA,UNICORN_386756,0.108751416,117,0.153165756,0.935271284,NA,NA,NA,NA,NA,NA,NA,NA,NA,NA
239,NA,UNICORN_292128,-0.053913983,131,0.453248315,0.97439557,NA,NA,NA,NA,NA,NA,NA,NA,NA,NA
240,NA,UNICORN_306858,0.02378571,127,0.744636511,0.993633877,NA,NA,NA,NA,NA,NA,NA,NA,NA,NA
241,NA,UNICORN_297303,0.021795015,131,0.761740666,0.993633877,NA,NA,NA,NA,NA,NA,NA,NA,NA,NA
242,NA,UNICORN_311007,-0.061943725,131,0.388844745,0.97439557,NA,NA,NA,NA,NA,NA,NA,NA,NA,NA
243,NA,UNICORN_314542,-0.171642153,129,0.017827657,0.537058158,NA,NA,NA,NA,NA,NA,NA,NA,NA,NA
244,NA,UNICORN_316974,0.095752298,129,0.186278098,0.935271284,NA,NA,NA,NA,NA,NA,NA,NA,NA,NA
245,NA,UNICORN_347704,0.057355301,131,0.424938025,0.97439557,NA,NA,NA,NA,NA,NA,NA,NA,NA,NA
246,NA,UNICORN_411090,-0.022217957,99,0.788677663,0.993633877,NA,NA,NA,NA,NA,NA,NA,NA,NA,NA
247,NA,UNICORN_412129,-0.049325559,131,0.492599659,0.97439557,NA,NA,NA,NA,NA,NA,NA,NA,NA,NA
248,NA,UNICORN_59457,0.007698598,125,0.916711151,0.993633877,NA,NA,NA,NA,NA,NA,NA,NA,NA,NA
249,NA,UNICORN_59506,-0.052281929,129,0.470510933,0.97439557,NA,NA,NA,NA,NA,NA,NA,NA,NA,NA
250,NA,UNICORN_419765,0.008020338,125,0.913243815,0.993633877,NA,NA,NA,NA,NA,NA,NA,NA,NA,NA
251,NA,UNICORN_62064,0.065205552,129,0.368102757,0.97439557,NA,NA,NA,NA,NA,NA,NA,NA,NA,NA
252,NA,UNICORN_400584,0.06921754,127,0.343201021,0.97439557,NA,NA,NA,NA,NA,NA,NA,NA,NA,NA
253,NA,UNICORN_276265,-0.049355115,127,0.499126371,0.97439557,NA,NA,NA,NA,NA,NA,NA,NA,NA,NA
254,NA,UNICORN_243337,0.100273949,113,0.19567028,0.962378317,NA,NA,NA,NA,NA,NA,NA,NA,NA,NA
255,NA,UNICORN_339201,0.010323954,131,0.885801295,0.993633877,NA,NA,NA,NA,NA,NA,NA,NA,NA,NA
256,NA,UNICORN_457,0.055374032,127,0.448278862,0.97439557,NA,NA,NA,NA,NA,NA,NA,NA,NA,NA
257,NA,UNICORN_412711,0.016059484,131,0.823218433,0.993633877,NA,NA,NA,NA,NA,NA,NA,NA,NA,NA
258,NA,UNICORN_84100,-0.002294212,131,0.974539561,0.993633877,NA,NA,NA,NA,NA,NA,NA,NA,NA,NA
259,NA,UNICORN_88908,0.108515624,121,0.147083388,0.935271284,NA,NA,NA,NA,NA,NA,NA,NA,NA,NA
260,NA,UNICORN_89055,-0.041952535,125,0.568758198,0.993266129,NA,NA,NA,NA,NA,NA,NA,NA,NA,NA
261,NA,UNICORN_62598,-0.005874374,129,0.935375116,0.993633877,NA,NA,NA,NA,NA,NA,NA,NA,NA,NA
262,NA,UNICORN_418975,-0.080870975,131,0.26058229,0.97439557,NA,NA,NA,NA,NA,NA,NA,NA,NA,NA
263,NA,UNICORN_97082,-0.077429657,131,0.281416431,0.97439557,NA,NA,NA,NA,NA,NA,NA,NA,NA,NA
264,NA,UNICORN_308225,-0.004014871,131,0.955459826,0.993633877,NA,NA,NA,NA,NA,NA,NA,NA,NA,NA
265,NA,UNICORN_408126,0.053057618,125,0.471074265,0.97439557,NA,NA,NA,NA,NA,NA,NA,NA,NA,NA
266,NA,UNICORN_410171,0.101249196,119,0.179787837,0.935271284,NA,NA,NA,NA,NA,NA,NA,NA,NA,NA
267,NA,UNICORN_404796,0.052766877,131,0.462916475,0.97439557,NA,NA,NA,NA,NA,NA,NA,NA,NA,NA
268,NA,UNICORN_8858,0.003441318,131,0.961817444,0.993633877,NA,NA,NA,NA,NA,NA,NA,NA,NA,NA
269,NA,UNICORN_355569,0.001720659,131,0.980903253,0.993633877,NA,NA,NA,NA,NA,NA,NA,NA,NA,NA
270,NA,UNICORN_355702,-0.038428052,131,0.592938912,0.993633877,NA,NA,NA,NA,NA,NA,NA,NA,NA,NA
271,NA,UNICORN_92069,-0.013282174,103,0.870125055,0.993633877,NA,NA,NA,NA,NA,NA,NA,NA,NA,NA
272,NA,UNICORN_42885,0.101223277,123,0.172633521,0.935271284,NA,NA,NA,NA,NA,NA,NA,NA,NA,NA
273,NA,UNICORN_81072,0.070570478,125,0.337747119,0.97439557,NA,NA,NA,NA,NA,NA,NA,NA,NA,NA
274,NA,UNICORN_80342,-0.025960784,121,0.728688933,0.993633877,NA,NA,NA,NA,NA,NA,NA,NA,NA,NA
275,NA,UNICORN_9159,0.150844443,131,0.03586683,0.576260396,NA,NA,NA,NA,NA,NA,NA,NA,NA,NA
276,NA,UNICORN_40533,-0.067679256,131,0.346447316,0.97439557,NA,NA,NA,NA,NA,NA,NA,NA,NA,NA